```
mysql> explain select * from sbtest1;
+----+-------------+---------+------+---------------+------+---------+------+--------+-------+
| id | select_type | table   | type | possible_keys | key  | key_len | ref  | rows   | Extra |
+----+-------------+---------+------+---------------+------+---------+------+--------+-------+
|  1 | SIMPLE      | sbtest1 | ALL  | NULL          | NULL | NULL    | NULL | 500000 | NULL  |
+----+-------------+---------+------+---------------+------+---------+------+--------+-------+
1 row in set (0.00 sec)

mysql> describe select * from sbtest1;
+----+-------------+---------+------+---------------+------+---------+------+--------+-------+
| id | select_type | table   | type | possible_keys | key  | key_len | ref  | rows   | Extra |
+----+-------------+---------+------+---------------+------+---------+------+--------+-------+
|  1 | SIMPLE      | sbtest1 | ALL  | NULL          | NULL | NULL    | NULL | 500000 | NULL  |
+----+-------------+---------+------+---------------+------+---------+------+--------+-------+
1 row in set (0.00 sec)
```